{"bugs":[{
    "filepath": "PayloadBodyChecker_500_1.json",
    "reproducible": true,
    "checker_name": "PayloadBodyChecker",
    "error_code": "500"},{
    "filepath": "PayloadBodyChecker_500_2.json",
    "reproducible": true,
    "checker_name": "PayloadBodyChecker",
    "error_code": "500"},{
    "filepath": "PayloadBodyChecker_500_3.json",
    "reproducible": true,
    "checker_name": "PayloadBodyChecker",
    "error_code": "500"},{
    "filepath": "PayloadBodyChecker_500_4.json",
    "reproducible": true,
    "checker_name": "PayloadBodyChecker",
    "error_code": "500"},{
    "filepath": "PayloadBodyChecker_500_5.json",
    "reproducible": true,
    "checker_name": "PayloadBodyChecker",
    "error_code": "500"},{
    "filepath": "PayloadBodyChecker_500_6.json",
    "reproducible": true,
    "checker_name": "PayloadBodyChecker",
    "error_code": "500"},{
    "filepath": "main_driver_500_1.json",
    "reproducible": true,
    "checker_name": "main_driver",
    "error_code": "500"}]}