[
  {
    "consumer": {
      "id": {
        "RequestId": {
          "endpoint": "/login",
          "method": "Post"
        },
        "ResourceReference": {
          "BodyResource": {
            "name": "password",
            "fullPath": {
              "path": [
                "password"
              ]
            }
          }
        },
        "ContainerName": "login",
        "PathContainerName": "login",
        "CandidateTypeNames": [
          "login"
        ],
        "AccessPath": "password",
        "AccessPathParts": {
          "path": [
            "password"
          ]
        },
        "ResourceName": "password",
        "ProducerParameterName": "password",
        "IsNestedBodyResource": false,
        "PrimitiveType": "String"
      },
      "parameterKind": "Body"
    }
  },
  {
    "consumer": {
      "id": {
        "RequestId": {
          "endpoint": "/login",
          "method": "Post"
        },
        "ResourceReference": {
          "BodyResource": {
            "name": "username",
            "fullPath": {
              "path": [
                "username"
              ]
            }
          }
        },
        "ContainerName": "login",
        "PathContainerName": "login",
        "CandidateTypeNames": [
          "login"
        ],
        "AccessPath": "username",
        "AccessPathParts": {
          "path": [
            "username"
          ]
        },
        "ResourceName": "username",
        "ProducerParameterName": "username",
        "IsNestedBodyResource": false,
        "PrimitiveType": "String"
      },
      "parameterKind": "Body"
    }
  }
]