{
  "restler_fuzzable_string": [
    "fuzzstring"
  ],
  "restler_fuzzable_string_unquoted": [],
  "restler_fuzzable_datetime": [
    "2019-06-26T20:20:39+00:00"
  ],
  "restler_fuzzable_datetime_unquoted": [],
  "restler_fuzzable_date": [
    "2019-06-26"
  ],
  "restler_fuzzable_date_unquoted": [],
  "restler_fuzzable_uuid4": [
    "566048da-ed19-4cd3-8e0a-b7e0e1ec4d72"
  ],
  "restler_fuzzable_uuid4_unquoted": [],
  "restler_fuzzable_int": [
    "1"
  ],
  "restler_fuzzable_number": [
    "1.23"
  ],
  "restler_fuzzable_bool": [
    "true"
  ],
  "restler_fuzzable_object": [
    "{ \"fuzz\": false }"
  ],
  "restler_custom_payload": {},
  "restler_custom_payload_unquoted": {},
  "restler_custom_payload_uuid4_suffix": {},
  "restler_custom_payload_header": {},
  "restler_custom_payload_query": {}
}