{
  "Requests": [
    {
      "id": {
        "endpoint": "/login",
        "method": "Post"
      },
      "method": "Post",
      "basePath": "",
      "path": [
        {
          "Constant": [
            "String",
            "/"
          ]
        },
        {
          "Constant": [
            "String",
            "login"
          ]
        }
      ],
      "queryParameters": [
        [
          "Schema",
          {
            "ParameterList": []
          }
        ]
      ],
      "bodyParameters": [
        [
          "Schema",
          {
            "ParameterList": [
              {
                "name": "body",
                "payload": {
                  "InternalNode": [
                    {
                      "name": "",
                      "propertyType": "Object",
                      "isRequired": true,
                      "isReadOnly": false
                    },
                    [
                      {
                        "LeafNode": {
                          "name": "username",
                          "payload": {
                            "Fuzzable": {
                              "primitiveType": "String",
                              "defaultValue": "fuzzstring"
                            }
                          },
                          "isRequired": false,
                          "isReadOnly": false
                        }
                      },
                      {
                        "LeafNode": {
                          "name": "password",
                          "payload": {
                            "Fuzzable": {
                              "primitiveType": "String",
                              "defaultValue": "fuzzstring"
                            }
                          },
                          "isRequired": false,
                          "isReadOnly": false
                        }
                      }
                    ]
                  ]
                }
              }
            ]
          }
        ]
      ],
      "headerParameters": [
        [
          "Schema",
          {
            "ParameterList": []
          }
        ],
        [
          "DictionaryCustomPayload",
          {
            "ParameterList": [
              {
                "name": "Content-Type",
                "payload": {
                  "LeafNode": {
                    "name": "",
                    "payload": {
                      "Constant": [
                        "String",
                        "application/json"
                      ]
                    },
                    "isRequired": true,
                    "isReadOnly": false
                  }
                }
              }
            ]
          }
        ]
      ],
      "token": "Refreshable",
      "headers": [
        [
          "Accept",
          "application/json"
        ],
        [
          "Host",
          ""
        ]
      ],
      "httpVersion": "1.1",
      "requestMetadata": {
        "isLongRunningOperation": false
      }
    }
  ]
}