{"swagger":"2.0","info":{"version":"1.0.0","title":"Login API","description":"API for user login"},"basePath":"/","schemes":["http"],"paths":{"/login":{"post":{"summary":"Authenticate user","description":"Authenticate user with username and password","consumes":["application/json"],"produces":["application/json"],"parameters":[{"name":"body","in":"body","description":"Username and password","required":true,"schema":{"type":"object","properties":{"username":{"type":"string"},"password":{"type":"string"}}}}],"responses":{"200":{"description":"Login successful","schema":{"type":"object","properties":{"message":{"type":"string"}}}},"401":{"description":"Invalid credentials","schema":{"type":"object","properties":{"message":{"type":"string"}}}}}}}}}